{"cameraMode":{"drawMode":0,"name":"Shaded","section":"Shading Mode"},"sceneLighting":false,"audioPlay":false,"sceneViewState":{"showFog":false,"showMaterialUpdate":false,"showSkybox":false,"showFlares":false,"showImageEffects":false,"showParticleSystems":false},"in2DMode":false,"pivot":{"x":186.47373962402345,"y":3.7459824085235597,"z":2.0403013229370119},"rotation":{"x":0.3545110821723938,"y":-0.0056098452769219879,"z":0.002127318177372217,"w":0.9350325465202332},"size":37.28615188598633,"orthographic":false}