{"cameraMode":{"drawMode":0,"name":"Shaded","section":"Shading Mode"},"sceneLighting":false,"audioPlay":false,"sceneViewState":{"showFog":false,"showMaterialUpdate":false,"showSkybox":false,"showFlares":false,"showImageEffects":false,"showParticleSystems":false},"in2DMode":false,"pivot":{"x":4.1318359375,"y":1.1555123329162598,"z":2.0128393173217775},"rotation":{"x":-0.13281889259815217,"y":0.60942143201828,"z":-0.10449279844760895,"w":-0.7746263146400452},"size":60.81061935424805,"orthographic":false}