{"cameraMode":{"drawMode":0,"name":"Shaded","section":"Shading Mode"},"sceneLighting":false,"audioPlay":false,"sceneViewState":{"showFog":false,"showMaterialUpdate":false,"showSkybox":false,"showFlares":false,"showImageEffects":false,"showParticleSystems":false},"in2DMode":false,"pivot":{"x":174.46875,"y":0.21664214134216309,"z":80.07646942138672},"rotation":{"x":0.04532952234148979,"y":0.43576228618621828,"z":-0.02198001556098461,"w":0.8986508846282959},"size":33.22916793823242,"orthographic":false}