{"cameraMode":{"drawMode":0,"name":"Shaded","section":"Shading Mode"},"sceneLighting":false,"audioPlay":false,"sceneViewState":{"showFog":false,"showMaterialUpdate":false,"showSkybox":false,"showFlares":false,"showImageEffects":false,"showParticleSystems":false},"in2DMode":false,"pivot":{"x":144.65530395507813,"y":4.676016807556152,"z":24.119577407836915},"rotation":{"x":0.00495391758158803,"y":-0.9553790092468262,"z":0.294904887676239,"w":0.016047950834035875},"size":43.16068649291992,"orthographic":false}