{"cameraMode":{"drawMode":0,"name":"Shaded","section":"Shading Mode"},"sceneLighting":false,"audioPlay":false,"sceneViewState":{"showFog":false,"showMaterialUpdate":false,"showSkybox":false,"showFlares":false,"showImageEffects":false,"showParticleSystems":false},"in2DMode":false,"pivot":{"x":233.3773651123047,"y":55.38619613647461,"z":311.2023010253906},"rotation":{"x":0.04805120825767517,"y":-0.1468842327594757,"z":-0.007143945433199406,"w":-0.9879601001739502},"size":379.0592041015625,"orthographic":false}