{"cameraMode":{"drawMode":0,"name":"Shaded","section":"Shading Mode"},"sceneLighting":false,"audioPlay":false,"sceneViewState":{"showFog":false,"showMaterialUpdate":false,"showSkybox":false,"showFlares":false,"showImageEffects":false,"showParticleSystems":false},"in2DMode":false,"pivot":{"x":-56.81763458251953,"y":1.1445194482803345,"z":5.650002479553223},"rotation":{"x":-0.01499759778380394,"y":-0.9753305315971375,"z":0.20880073308944703,"w":-0.07005518674850464},"size":37.26506805419922,"orthographic":false}