{"cameraMode":{"drawMode":0,"name":"Shaded","section":"Shading Mode"},"sceneLighting":false,"audioPlay":false,"sceneViewState":{"showFog":false,"showMaterialUpdate":false,"showSkybox":false,"showFlares":false,"showImageEffects":false,"showParticleSystems":false},"in2DMode":false,"pivot":{"x":-3.5762786865234377e-7,"y":0.922531247138977,"z":-0.20547698438167573},"rotation":{"x":-0.01499759778380394,"y":-0.9753305315971375,"z":0.20880073308944703,"w":-0.07005518674850464},"size":5.1390275955200199,"orthographic":false}