{"cameraMode":{"drawMode":0,"name":"Shaded","section":"Shading Mode"},"sceneLighting":false,"audioPlay":false,"sceneViewState":{"showFog":false,"showMaterialUpdate":false,"showSkybox":false,"showFlares":false,"showImageEffects":false,"showParticleSystems":false},"in2DMode":false,"pivot":{"x":107.55000305175781,"y":1.1555124521255494,"z":-1.0721688270568848},"rotation":{"x":0.2877442240715027,"y":0.012928950600326062,"z":-0.003884527599439025,"w":0.9576122164726257},"size":12.050548553466797,"orthographic":false}