{"cameraMode":{"drawMode":0,"name":"Shaded","section":"Shading Mode"},"sceneLighting":false,"audioPlay":false,"sceneViewState":{"showFog":false,"showMaterialUpdate":false,"showSkybox":false,"showFlares":false,"showImageEffects":false,"showParticleSystems":false},"in2DMode":false,"pivot":{"x":-183.85475158691407,"y":-73.11097717285156,"z":-178.86167907714845},"rotation":{"x":0.051118552684783939,"y":-0.9128133058547974,"z":0.12063966691493988,"w":0.38678792119026186},"size":325.7916564941406,"orthographic":false}