{"cameraMode":{"drawMode":0,"name":"Shaded","section":"Shading Mode"},"sceneLighting":false,"audioPlay":false,"sceneViewState":{"showFog":false,"showMaterialUpdate":false,"showSkybox":false,"showFlares":false,"showImageEffects":false,"showParticleSystems":false},"in2DMode":false,"pivot":{"x":3.4857070446014406,"y":1.2834644317626954,"z":10.717741012573243},"rotation":{"x":-0.12589769065380097,"y":0.034810129553079608,"z":-0.004420606419444084,"w":-0.9914224743843079},"size":34.996124267578128,"orthographic":false}