{"cameraMode":{"drawMode":0,"name":"Shaded","section":"Shading Mode"},"sceneLighting":true,"audioPlay":false,"sceneViewState":{"showFog":false,"showMaterialUpdate":false,"showSkybox":false,"showFlares":false,"showImageEffects":false,"showParticleSystems":false},"in2DMode":false,"pivot":{"x":-198.37408447265626,"y":-0.08386993408203125,"z":68.61276245117188},"rotation":{"x":-0.13281889259815217,"y":0.60942143201828,"z":-0.10449279844760895,"w":-0.7746263146400452},"size":415.24127197265627,"orthographic":false}