{"cameraMode":{"drawMode":0,"name":"Shaded","section":"Shading Mode"},"sceneLighting":false,"audioPlay":false,"sceneViewState":{"showFog":false,"showMaterialUpdate":false,"showSkybox":false,"showFlares":false,"showImageEffects":false,"showParticleSystems":false},"in2DMode":false,"pivot":{"x":32.24544906616211,"y":3.45394229888916,"z":1.9448728561401368},"rotation":{"x":0.2877442240715027,"y":0.012928950600326062,"z":-0.003884527599439025,"w":0.9576122164726257},"size":33.231998443603519,"orthographic":false}