{"cameraMode":{"drawMode":0,"name":"Shaded","section":"Shading Mode"},"sceneLighting":false,"audioPlay":false,"sceneViewState":{"showFog":false,"showMaterialUpdate":false,"showSkybox":false,"showFlares":false,"showImageEffects":false,"showParticleSystems":false},"in2DMode":false,"pivot":{"x":-13.723759651184082,"y":-10.304885864257813,"z":-6.157463073730469},"rotation":{"x":0.05817341059446335,"y":-0.9397076964378357,"z":0.2685886025428772,"w":0.20353224873542787},"size":50.93656921386719,"orthographic":false}