{"cameraMode":{"drawMode":0,"name":"Shaded","section":"Shading Mode"},"sceneLighting":false,"audioPlay":false,"sceneViewState":{"showFog":false,"showMaterialUpdate":false,"showSkybox":false,"showFlares":false,"showImageEffects":false,"showParticleSystems":false},"in2DMode":false,"pivot":{"x":70.89302825927735,"y":7.447681427001953,"z":1.8793373107910157},"rotation":{"x":0.2877442240715027,"y":0.012928950600326062,"z":-0.003884527599439025,"w":0.9576122164726257},"size":76.79934692382813,"orthographic":false}